id,name,latitude,longitude,radiusMeters
LOC-01,Kalsubai Hostel (Old),19.614800,74.185600,50
LOC-02,Krushnavanti Hostel (New),19.614900,74.185800,50
LOC-03,Study Hall,19.614100,74.185000,30
LOC-04,Play Ground and Gardening,19.613700,74.184600,100
LOC-05,Harishchandragadh Hostel,19.614700,74.185400,50
LOC-06,Sinhagad Hostel,19.615100,74.186000,50
LOC-07,Sajjangad Hostel,19.615000,74.185900,50
LOC-08,Library,19.614150,74.185050,30
LOC-09,Civil Lab,19.614200,74.185100,30
LOC-10,SDO,19.614250,74.185150,30
LOC-11,Gymkhana,19.613800,74.184700,50
LOC-12,Dispensary,19.614850,74.185700,30
LOC-13,Incubation,19.613900,74.184800,40
LOC-14,Guest House,19.613400,74.184300,40
LOC-15,TPO Office,19.614300,74.185200,30